uuid,event_id,category,type,value,comment,to_ids,date,object_relation,attribute_tag,object_uuid,object_name,object_meta_category
"74a2fa70-b3d0-48b4-b108-988b3ef882b3",1,"Payload delivery","sha256","0554eb2ffa3582b000d558b6950ec60e876f1259c41acff2eac47ab78a53e94a","",1,1790809468,"","tlp:clear","","",""
"30eb1a7a-8253-45d8-accc-a687b9587b83",1,"Payload delivery","sha256","9a55f55886285eef7ffabdd55c0232d1458175b1d868c03d3e304ce7d98980bc","",1,1790809468,"","tlp:clear","","",""
"5095d59f-1f6d-4d68-aa3e-11eedb2d548d",1,"Payload delivery","sha256","62e63388953bb30669b403867a3ac2c8130332cf78133f7fd4a7f23cdc939087","",1,1790809468,"","tlp:clear","","",""
"ef54fdd4-d041-43ee-8c01-9d90b8ca2887",1,"Payload delivery","sha256","7ad4324ea241782ea859af12094f89f9a182236542627e95b6416c8fb9757c59","",1,1790809468,"","tlp:clear","","",""
"d21b84dc-5c84-4d79-8732-431bd986385e",1,"Payload delivery","sha256","350ba7fca67721c74385faff083914ecdd66ef107a765dfb7ac08b38d5c9c0bd","",1,1790809468,"","tlp:clear","","",""
"d80acaf9-5626-40b3-82ab-0dd6fc72b790",1,"Payload delivery","sha256","90ba27750a04d1308115fa6a90f36503398a8f528c974c5adc07ae8a6cd630e7","",1,1790809468,"","tlp:clear","","",""
"3310bdf2-9a07-4127-bd6b-bbd8b1c532ec",1,"Payload delivery","sha256","fafaff3d665b26b5c057e64b4238980589deb0dff0501497ac50be1bc91b3e08","",1,1790809468,"","tlp:clear","","",""
"226beec4-1f45-4f5b-a724-b148885f97f6",1,"Payload delivery","sha256","acb60f0dd19a9a26aaaefd3326db8c28f546b6b0182ed2dcc23170bcb0af6d8f","",1,1790809468,"","tlp:clear","","",""
"45cdb20e-5b0b-4135-b6df-865552ccc89f",1,"Payload delivery","sha256","d73f6e240766ddd6c3c16eff8db50794ab8ab95c6a616d4ab2bc96780f13464d","",1,1790809468,"","tlp:clear","","",""
"46a7b193-8b7c-4826-bfbe-2e1fe5744555",1,"Payload delivery","sha256","f039eaaced72618eaba699d2985f9e10d252ac5fe85d609c217b45bc8c3614f4","",1,1790809468,"","tlp:clear","","",""
"783b1805-510f-4a30-ae84-68d626ef82ab",1,"Payload delivery","sha256","96339a7e87ffce6ced247feb9b4cb7c05b83ca315976a9522155bad726b8e5be","",1,1790809468,"","tlp:clear","","",""
"5ab1a0a4-f6c8-4757-a2e6-67af67068c38",1,"Payload delivery","sha256","88c8b472108e0d79d16a1634499c1b45048a10a38ee799054414613cc9dccccc","",1,1790809468,"","tlp:clear","","",""
"941535af-e395-4fe3-aa58-1c100d13d3e7",1,"Payload delivery","sha256","58ddbea084ce18cfb3439219ebcf2fc5c1605d2f6271610b1c7af77b8d0484bd","",1,1790809468,"","tlp:clear","","",""
"751dd775-3296-4045-8aec-2e91cd587efb",1,"Payload delivery","sha256","0112e3b20872760dda5f658f6b546c85f126e803e27f0577b294f335ffa5a298","",1,1790809468,"","tlp:clear","","",""
"b5fc78ea-8f76-429b-aba8-923581ec9357",1,"Payload delivery","sha256","d3683beca3a40574e5fd68d30451137e4a8bbaca8c428ebb781d565d6a70385e","",1,1790809468,"","tlp:clear","","",""
"235039c4-bc81-47b4-9c66-278fd329423d",1,"Network activity","ip-dst","170.130.165.73","",1,1790809468,"","tlp:clear","","",""
"734820cf-6fa8-4a02-8687-09127f866d37",1,"Network activity","ip-dst","45.11.181.44","",1,1790809468,"","tlp:clear","","",""
"f3acfcaf-c2c1-41cb-9f02-4ec02776645e",1,"Network activity","ip-dst","66.42.118.54","",1,1790809468,"","tlp:clear","","",""
"d932f3c4-62a0-4971-8147-0178c432687c",1,"Network activity","ip-dst","79.132.130.211","",1,1790809468,"","tlp:clear","","",""
"b4389f45-6e79-4ebb-91a0-28f895a03a22",1,"Network activity","domain","moereng.com","",1,1790809468,"","tlp:clear","","",""
"5bf62196-b769-481c-8f17-56cec68c740b",1,"Network activity","domain","exckicks.com","",1,1790809468,"","tlp:clear","","",""

